Infrastructure ID	Network ID	Year	Capacity [kg/yr]	Yield [upstream/kg]	Cost [$/kg]	Old Cost [$/kg] (before variable costs were used)	Update_information	capacity_information	Technology	Period
SMR1	@ Anacortes, WA	2016	905392.085	0	0	2.227980288		Assumed 15% unused capacity at the plant. Used 423.3 scf/kg to convert scf to kg. Price = 0.514USD(2014)/100scf.	Existing or Planned SMR (no CCS)	Year
SMR2	@ Anniston, AL	2016	83837.14511	0	0	2.227980288		Assumed 15% unused capacity at the plant. Used 423.3 scf/kg to convert scf to kg. Price = 0.514USD(2014)/100scf.	Existing or Planned SMR (no CCS)	Year
SMR3	@ Ardmore, OK	2016	6725755.814	0	0	2.227980288		Assumed 15% unused capacity at the plant. Used 423.3 scf/kg to convert scf to kg. Price = 0.514USD(2014)/100scf.	Existing or Planned SMR (no CCS)	Year
SMR4	@ Artesia, NM	2016	1164058.638	0	0	2.227980288		Assumed 15% unused capacity at the plant. Used 423.3 scf/kg to convert scf to kg. Price = 0.514USD(2014)/100scf.	Existing or Planned SMR (no CCS)	Year
SMR5	@ Ashtabula, OH	2016	155222.2688	0	0	2.227980288		Assumed 15% unused capacity at the plant. Used 423.3 scf/kg to convert scf to kg. Price = 0.514USD(2014)/100scf.	Existing or Planned SMR (no CCS)	Year
SMR6	@ Augusta, GA	2016	4203556.88	0	0	2.227980288		Assumed 15% unused capacity at the plant. Used 423.3 scf/kg to convert scf to kg. Price = 0.514USD(2014)/100scf.	Existing or Planned SMR (no CCS)	Year
SMR7	@ Bakersfield, CA	2016	3841425.469	0	0	2.227980288		Assumed 15% unused capacity at the plant. Used 423.3 scf/kg to convert scf to kg. Price = 0.514USD(2014)/100scf.	Existing or Planned SMR (no CCS)	Year
SMR8	@ Baton Rouge, LA	2016	2263494.908	0	0	2.227980288		Assumed 15% unused capacity at the plant. Used 423.3 scf/kg to convert scf to kg. Price = 0.514USD(2014)/100scf.	Existing or Planned SMR (no CCS)	Year
SMR9	@ Bay City, TX	2016	2069467.623	0	0	2.227980288		Assumed 15% unused capacity at the plant. Used 423.3 scf/kg to convert scf to kg. Price = 0.514USD(2014)/100scf.	Existing or Planned SMR (no CCS)	Year
SMR10	@ Bayport, TX	2016	12934157.95	0	0	2.227980288		Assumed 15% unused capacity at the plant. Used 423.3 scf/kg to convert scf to kg. Price = 0.514USD(2014)/100scf.	Existing or Planned SMR (no CCS)	Year
SMR11	@ Baytown, TX	2016	20048021.24	0	0	2.227980288		Assumed 15% unused capacity at the plant. Used 423.3 scf/kg to convert scf to kg. Price = 0.514USD(2014)/100scf.	Existing or Planned SMR (no CCS)	Year
SMR12	@ Beaumont, TX	2016	6402430.154	0	0	2.227980288		Assumed 15% unused capacity at the plant. Used 423.3 scf/kg to convert scf to kg. Price = 0.514USD(2014)/100scf.	Existing or Planned SMR (no CCS)	Year
SMR13	@ Belle Chasse, LA	2016	1345151.163	0	0	2.227980288		Assumed 15% unused capacity at the plant. Used 423.3 scf/kg to convert scf to kg. Price = 0.514USD(2014)/100scf.	Existing or Planned SMR (no CCS)	Year
SMR14	@ Belle, WV	2016	388001.6669	0	0	2.227980288		Assumed 15% unused capacity at the plant. Used 423.3 scf/kg to convert scf to kg. Price = 0.514USD(2014)/100scf.	Existing or Planned SMR (no CCS)	Year
SMR15	@ Belvidere, NJ	2016	55873.55085	0	0	2.227980288		Assumed 15% unused capacity at the plant. Used 423.3 scf/kg to convert scf to kg. Price = 0.514USD(2014)/100scf.	Existing or Planned SMR (no CCS)	Year
SMR16	@ Benicia, CA	2016	17008417.19	0	0	2.227980288		Assumed 15% unused capacity at the plant. Used 423.3 scf/kg to convert scf to kg. Price = 0.514USD(2014)/100scf.	Existing or Planned SMR (no CCS)	Year
SMR17	@ Billings, MT	2016	15637449.41	0	0	2.227980288		Assumed 15% unused capacity at the plant. Used 423.3 scf/kg to convert scf to kg. Price = 0.514USD(2014)/100scf.	Existing or Planned SMR (no CCS)	Year
SMR18	@ Blaine, WA	2016	17396349.79	0	0	2.227980288	updated to match IHS report and H2atScale	Assumed 15% unused capacity at the plant. Used 423.3 scf/kg to convert scf to kg. Price = 0.514USD(2014)/100scf.	Existing or Planned SMR (no CCS)	Year
SMR19	@ Borger, TX	2016	6079050.856	0	0	2.227980288		Assumed 15% unused capacity at the plant. Used 423.3 scf/kg to convert scf to kg. Price = 0.514USD(2014)/100scf.	Existing or Planned SMR (no CCS)	Year
SMR20	@ Bradley, IL	2016	143521.1747	0	0	2.227980288		Assumed 15% unused capacity at the plant. Used 423.3 scf/kg to convert scf to kg. Price = 0.514USD(2014)/100scf.	Existing or Planned SMR (no CCS)	Year
SMR21	@ Brorger, TX	2016	12934172.64	0	0	2.227980288		Assumed 15% unused capacity at the plant. Used 423.3 scf/kg to convert scf to kg. Price = 0.514USD(2014)/100scf.	Existing or Planned SMR (no CCS)	Year
SMR22	@ Burkville, AL	2016	323379.298	0	0	2.227980288		Assumed 15% unused capacity at the plant. Used 423.3 scf/kg to convert scf to kg. Price = 0.514USD(2014)/100scf.	Existing or Planned SMR (no CCS)	Year
SMR23	@ Butler, IN	2016	232833.0358	0	0	2.227980288		Assumed 15% unused capacity at the plant. Used 423.3 scf/kg to convert scf to kg. Price = 0.514USD(2014)/100scf.	Existing or Planned SMR (no CCS)	Year
SMR24	@ Butte, MT	2016	37248.78898	0	0	2.227980288		Assumed 15% unused capacity at the plant. Used 423.3 scf/kg to convert scf to kg. Price = 0.514USD(2014)/100scf.	Existing or Planned SMR (no CCS)	Year
SMR25	@ Calvert City, KY	2016	982966.1139	0	0	2.227980288		Assumed 15% unused capacity at the plant. Used 423.3 scf/kg to convert scf to kg. Price = 0.514USD(2014)/100scf.	Existing or Planned SMR (no CCS)	Year
SMR26	@ Carson, CA	2016	34275336.64	0	0	2.227980288	updated to match IHS report and H2atScale	Assumed 15% unused capacity at the plant. Used 423.3 scf/kg to convert scf to kg. Price = 0.514USD(2014)/100scf.	Existing or Planned SMR (no CCS)	Year
SMR27	@ Catlettsburg, KY	2016	4397638.537	0	0	2.227980288		Assumed 15% unused capacity at the plant. Used 423.3 scf/kg to convert scf to kg. Price = 0.514USD(2014)/100scf.	Existing or Planned SMR (no CCS)	Year
SMR28	@ Cedar City, UT	2016	51740.51134	0	0	2.227980288		Assumed 15% unused capacity at the plant. Used 423.3 scf/kg to convert scf to kg. Price = 0.514USD(2014)/100scf.	Existing or Planned SMR (no CCS)	Year
SMR29	@ Channelview, TX	2016	15521032.89	0	0	2.227980288		Assumed 15% unused capacity at the plant. Used 423.3 scf/kg to convert scf to kg. Price = 0.514USD(2014)/100scf.	Existing or Planned SMR (no CCS)	Year
SMR30	@ Charleston, TN	2016	944214.0007	0	0	2.227980288		Assumed 15% unused capacity at the plant. Used 423.3 scf/kg to convert scf to kg. Price = 0.514USD(2014)/100scf.	Existing or Planned SMR (no CCS)	Year
SMR31	@ Charlotte, NC	2016	62099.92895	0	0	2.227980288		Assumed 15% unused capacity at the plant. Used 423.3 scf/kg to convert scf to kg. Price = 0.514USD(2014)/100scf.	Existing or Planned SMR (no CCS)	Year
SMR32	@ Chattanooga, TN	2016	93122.33983	0	0	2.227980288		Assumed 15% unused capacity at the plant. Used 423.3 scf/kg to convert scf to kg. Price = 0.514USD(2014)/100scf.	Existing or Planned SMR (no CCS)	Year
SMR33	@ Cherry Point, WA	2016	5690999.291	0	0	2.227980288	updated to match IHS report and H2atScale	Assumed 15% unused capacity at the plant. Used 423.3 scf/kg to convert scf to kg. Price = 0.514USD(2014)/100scf.	Existing or Planned SMR (no CCS)	Year
SMR34	@ Cheyenne, WY	2016	711380.9649	0	0	2.227980288		Assumed 15% unused capacity at the plant. Used 423.3 scf/kg to convert scf to kg. Price = 0.514USD(2014)/100scf.	Existing or Planned SMR (no CCS)	Year
SMR35	@ Cincinnati, OH	2016	297509.0423	0	0	2.227980288		Assumed 15% unused capacity at the plant. Used 423.3 scf/kg to convert scf to kg. Price = 0.514USD(2014)/100scf.	Existing or Planned SMR (no CCS)	Year
SMR36	@ Coffeyville, KS	2016	2845524.594	0	0	2.227980288		Assumed 15% unused capacity at the plant. Used 423.3 scf/kg to convert scf to kg. Price = 0.514USD(2014)/100scf.	Existing or Planned SMR (no CCS)	Year
SMR37	@ Columbus, MS	2016	1668530.461	0	0	2.227980288		Assumed 15% unused capacity at the plant. Used 423.3 scf/kg to convert scf to kg. Price = 0.514USD(2014)/100scf.	Existing or Planned SMR (no CCS)	Year
SMR38	@ Commerce City, CO	2016	3362877.54	0	0	2.227980288		Assumed 15% unused capacity at the plant. Used 423.3 scf/kg to convert scf to kg. Price = 0.514USD(2014)/100scf.	Existing or Planned SMR (no CCS)	Year
SMR39	@ Convent, LA	2016	8872834.204	0	0	2.227980288		Assumed 15% unused capacity at the plant. Used 423.3 scf/kg to convert scf to kg. Price = 0.514USD(2014)/100scf.	Existing or Planned SMR (no CCS)	Year
SMR40	@ Conway, KS	2016	24582.21687	0	0	2.227980288		Assumed 15% unused capacity at the plant. Used 423.3 scf/kg to convert scf to kg. Price = 0.514USD(2014)/100scf.	Existing or Planned SMR (no CCS)	Year
SMR41	@ Corpus Christi, TX	2016	52266979.01	0	0	2.227980288		Assumed 15% unused capacity at the plant. Used 423.3 scf/kg to convert scf to kg. Price = 0.514USD(2014)/100scf.	Existing or Planned SMR (no CCS)	Year
SMR42	@ Cotton Valley, LA	2016	646758.596	0	0	2.227980288		Assumed 15% unused capacity at the plant. Used 423.3 scf/kg to convert scf to kg. Price = 0.514USD(2014)/100scf.	Existing or Planned SMR (no CCS)	Year
SMR43	@ Crawfordsville, IN	2016	2726531.264	0	0	2.227980288		Assumed 15% unused capacity at the plant. Used 423.3 scf/kg to convert scf to kg. Price = 0.514USD(2014)/100scf.	Existing or Planned SMR (no CCS)	Year
SMR44	@ Dallas, TX	2016	107345.8738	0	0	2.227980288		Assumed 15% unused capacity at the plant. Used 423.3 scf/kg to convert scf to kg. Price = 0.514USD(2014)/100scf.	Existing or Planned SMR (no CCS)	Year
SMR45	@ Decatur, AL	2016	7068296.251	0	0	2.227980288		Assumed 15% unused capacity at the plant. Used 423.3 scf/kg to convert scf to kg. Price = 0.514USD(2014)/100scf.	Existing or Planned SMR (no CCS)	Year
SMR46	@ Decatur, IL	2016	2670630.758	0	0	2.227980288	updated to match IHS report and H2atScale	Assumed 15% unused capacity at the plant. Used 423.3 scf/kg to convert scf to kg. Price = 0.514USD(2014)/100scf.	Existing or Planned SMR (no CCS)	Year
SMR47	@ Decatur, IN	2016	258703.2915	0	0	2.227980288		Assumed 15% unused capacity at the plant. Used 423.3 scf/kg to convert scf to kg. Price = 0.514USD(2014)/100scf.	Existing or Planned SMR (no CCS)	Year
SMR48	@ Deepwater, NJ	2016	776056.9715	0	0	2.227980288		Assumed 15% unused capacity at the plant. Used 423.3 scf/kg to convert scf to kg. Price = 0.514USD(2014)/100scf.	Existing or Planned SMR (no CCS)	Year
SMR49	@ Deer Park, TX	2016	11653682.79	0	0	2.227980288		Assumed 15% unused capacity at the plant. Used 423.3 scf/kg to convert scf to kg. Price = 0.514USD(2014)/100scf.	Existing or Planned SMR (no CCS)	Year
SMR50	@ Delaware City, DE	2016	5199565.765	0	0	2.227980288		Assumed 15% unused capacity at the plant. Used 423.3 scf/kg to convert scf to kg. Price = 0.514USD(2014)/100scf.	Existing or Planned SMR (no CCS)	Year
SMR51	@ Des Moines, IA	2016	194028.0197	0	0	2.227980288		Assumed 15% unused capacity at the plant. Used 423.3 scf/kg to convert scf to kg. Price = 0.514USD(2014)/100scf.	Existing or Planned SMR (no CCS)	Year
SMR52	@ Detroit, MI	2016	7760516.077	0	0	2.227980288		Assumed 15% unused capacity at the plant. Used 423.3 scf/kg to convert scf to kg. Price = 0.514USD(2014)/100scf.	Existing or Planned SMR (no CCS)	Year
SMR53	@ East Chicago, IN	2016	1487429.854	0	0	2.227980288		Assumed 15% unused capacity at the plant. Used 423.3 scf/kg to convert scf to kg. Price = 0.514USD(2014)/100scf.	Existing or Planned SMR (no CCS)	Year
SMR54	@ Eastover, SC	2016	685510.7092	0	0	2.227980288		Assumed 15% unused capacity at the plant. Used 423.3 scf/kg to convert scf to kg. Price = 0.514USD(2014)/100scf.	Existing or Planned SMR (no CCS)	Year
SMR55	@ Ecorse, MI	2016	186252.0273	0	0	2.227980288		Assumed 15% unused capacity at the plant. Used 423.3 scf/kg to convert scf to kg. Price = 0.514USD(2014)/100scf.	Existing or Planned SMR (no CCS)	Year
SMR56	@ El Dorado, AR	2016	3233526.261	0	0	2.227980288		Assumed 15% unused capacity at the plant. Used 423.3 scf/kg to convert scf to kg. Price = 0.514USD(2014)/100scf.	Existing or Planned SMR (no CCS)	Year
SMR57	@ El Dorado, KS	2016	7113757.481	0	0	2.227980288		Assumed 15% unused capacity at the plant. Used 423.3 scf/kg to convert scf to kg. Price = 0.514USD(2014)/100scf.	Existing or Planned SMR (no CCS)	Year
SMR58	@ El Segundo, CA	2016	30524657.73	0	0	2.227980288		Assumed 15% unused capacity at the plant. Used 423.3 scf/kg to convert scf to kg. Price = 0.514USD(2014)/100scf.	Existing or Planned SMR (no CCS)	Year
SMR59	@ Euclid, OH	2016	194028.0197	0	0	2.227980288		Assumed 15% unused capacity at the plant. Used 423.3 scf/kg to convert scf to kg. Price = 0.514USD(2014)/100scf.	Existing or Planned SMR (no CCS)	Year
SMR60	@ Fairless Hills, PA	2016	248335.7915	0	0	2.227980288		Assumed 15% unused capacity at the plant. Used 423.3 scf/kg to convert scf to kg. Price = 0.514USD(2014)/100scf.	Existing or Planned SMR (no CCS)	Year
SMR61	@ Fort Worth, TX	2016	93122.33983	0	0	2.227980288		Assumed 15% unused capacity at the plant. Used 423.3 scf/kg to convert scf to kg. Price = 0.514USD(2014)/100scf.	Existing or Planned SMR (no CCS)	Year
SMR62	@ Freeport, TX	2016	16232413.85	0	0	2.227980288		Assumed 15% unused capacity at the plant. Used 423.3 scf/kg to convert scf to kg. Price = 0.514USD(2014)/100scf.	Existing or Planned SMR (no CCS)	Year
SMR63	@ Gainesville, GA	2016	102461.907	0	0	2.227980288		Assumed 15% unused capacity at the plant. Used 423.3 scf/kg to convert scf to kg. Price = 0.514USD(2014)/100scf.	Existing or Planned SMR (no CCS)	Year
SMR64	@ Gallatin, TN	2016	194028.0197	0	0	2.227980288		Assumed 15% unused capacity at the plant. Used 423.3 scf/kg to convert scf to kg. Price = 0.514USD(2014)/100scf.	Existing or Planned SMR (no CCS)	Year
SMR65	@ Geismar, LA	2016	14382822.46	0	0	2.227980288		Assumed 15% unused capacity at the plant. Used 423.3 scf/kg to convert scf to kg. Price = 0.514USD(2014)/100scf.	Existing or Planned SMR (no CCS)	Year
SMR66	@ Great Falls, MT	2016	646704.9584	0	0	2.227980288		Assumed 15% unused capacity at the plant. Used 423.3 scf/kg to convert scf to kg. Price = 0.514USD(2014)/100scf.	Existing or Planned SMR (no CCS)	Year
SMR67	@ Hamilton, MS	2016	1086447.871	0	0	2.227980288		Assumed 15% unused capacity at the plant. Used 423.3 scf/kg to convert scf to kg. Price = 0.514USD(2014)/100scf.	Existing or Planned SMR (no CCS)	Year
SMR68	@ Hannibal, MO	2016	124145.4855	0	0	2.227980288		Assumed 15% unused capacity at the plant. Used 423.3 scf/kg to convert scf to kg. Price = 0.514USD(2014)/100scf.	Existing or Planned SMR (no CCS)	Year
SMR69	@ Hartford, IL	2016	323379.298	0	0	2.227980288		Assumed 15% unused capacity at the plant. Used 423.3 scf/kg to convert scf to kg. Price = 0.514USD(2014)/100scf.	Existing or Planned SMR (no CCS)	Year
SMR70	@ Henderson, NV	2016	478547.9291	0	0	2.227980288		Assumed 15% unused capacity at the plant. Used 423.3 scf/kg to convert scf to kg. Price = 0.514USD(2014)/100scf.	Existing or Planned SMR (no CCS)	Year
SMR71	@ Huntsville, AL	2016	64676.00656	0	0	2.227980288		Assumed 15% unused capacity at the plant. Used 423.3 scf/kg to convert scf to kg. Price = 0.514USD(2014)/100scf.	Existing or Planned SMR (no CCS)	Year
SMR72	@ Ingleside, TX	2016	90538.9146	0	0	2.227980288		Assumed 15% unused capacity at the plant. Used 423.3 scf/kg to convert scf to kg. Price = 0.514USD(2014)/100scf.	Existing or Planned SMR (no CCS)	Year
SMR73	@ Institute, WV	2016	1086447.871	0	0	2.227980288		Assumed 15% unused capacity at the plant. Used 423.3 scf/kg to convert scf to kg. Price = 0.514USD(2014)/100scf.	Existing or Planned SMR (no CCS)	Year
SMR74	@ Jacksonville, IL	2016	121569.4079	0	0	2.227980288		Assumed 15% unused capacity at the plant. Used 423.3 scf/kg to convert scf to kg. Price = 0.514USD(2014)/100scf.	Existing or Planned SMR (no CCS)	Year
SMR75	@ Joliet, IL	2016	4656321.99	0	0	2.227980288		Assumed 15% unused capacity at the plant. Used 423.3 scf/kg to convert scf to kg. Price = 0.514USD(2014)/100scf.	Existing or Planned SMR (no CCS)	Year
SMR76	@ Kalama, WA	2016	37250.2585	0	0	2.227980288		Assumed 15% unused capacity at the plant. Used 423.3 scf/kg to convert scf to kg. Price = 0.514USD(2014)/100scf.	Existing or Planned SMR (no CCS)	Year
SMR77	@ Karns City, PA	2016	77610.76701	0	0	2.227980288		Assumed 15% unused capacity at the plant. Used 423.3 scf/kg to convert scf to kg. Price = 0.514USD(2014)/100scf.	Existing or Planned SMR (no CCS)	Year
SMR78	@ Kingsport, TN	2016	646704.9584	0	0	2.227980288		Assumed 15% unused capacity at the plant. Used 423.3 scf/kg to convert scf to kg. Price = 0.514USD(2014)/100scf.	Existing or Planned SMR (no CCS)	Year
SMR79	@ La Porte, TX	2016	27304013.32	0	0	2.227980288		Assumed 15% unused capacity at the plant. Used 423.3 scf/kg to convert scf to kg. Price = 0.514USD(2014)/100scf.	Existing or Planned SMR (no CCS)	Year
SMR80	@ LaBarge, WY	2016	1940115.61	0	0	2.227980288		Assumed 15% unused capacity at the plant. Used 423.3 scf/kg to convert scf to kg. Price = 0.514USD(2014)/100scf.	Existing or Planned SMR (no CCS)	Year
SMR81	@ Lake Charles, LA	2016	45211397.1	0	0	2.227980288		Assumed 15% unused capacity at the plant. Used 423.3 scf/kg to convert scf to kg. Price = 0.514USD(2014)/100scf.	Existing or Planned SMR (no CCS)	Year
SMR82	@ Laurel, MT	2016	5432345.163	0	0	2.227980288		Assumed 15% unused capacity at the plant. Used 423.3 scf/kg to convert scf to kg. Price = 0.514USD(2014)/100scf.	Existing or Planned SMR (no CCS)	Year
SMR83	@ Lemont, IL	2016	15521019.66	0	0	2.227980288		Assumed 15% unused capacity at the plant. Used 423.3 scf/kg to convert scf to kg. Price = 0.514USD(2014)/100scf.	Existing or Planned SMR (no CCS)	Year
SMR84	@ Lima, OH	2016	6648200.889	0	0	2.227980288		Assumed 15% unused capacity at the plant. Used 423.3 scf/kg to convert scf to kg. Price = 0.514USD(2014)/100scf.	Existing or Planned SMR (no CCS)	Year
SMR85	@ Lincoln, NE	2016	279378.0409	0	0	2.227980288		Assumed 15% unused capacity at the plant. Used 423.3 scf/kg to convert scf to kg. Price = 0.514USD(2014)/100scf.	Existing or Planned SMR (no CCS)	Year
SMR86	@ Linden, NJ	2016	4022517.993	0	0	2.227980288		Assumed 15% unused capacity at the plant. Used 423.3 scf/kg to convert scf to kg. Price = 0.514USD(2014)/100scf.	Existing or Planned SMR (no CCS)	Year
SMR87	@ Longview, TX	2016	6226.378101	0	0	2.227980288		Assumed 15% unused capacity at the plant. Used 423.3 scf/kg to convert scf to kg. Price = 0.514USD(2014)/100scf.	Existing or Planned SMR (no CCS)	Year
SMR88	@ Longview, WA	2016	620834.7027	0	0	2.227980288		Assumed 15% unused capacity at the plant. Used 423.3 scf/kg to convert scf to kg. Price = 0.514USD(2014)/100scf.	Existing or Planned SMR (no CCS)	Year
SMR89	@ Louisville, KY	2016	93126.01364	0	0	2.227980288		Assumed 15% unused capacity at the plant. Used 423.3 scf/kg to convert scf to kg. Price = 0.514USD(2014)/100scf.	Existing or Planned SMR (no CCS)	Year
SMR90	@ Luling, LA	2016	16167684.21	0	0	2.227980288		Assumed 15% unused capacity at the plant. Used 423.3 scf/kg to convert scf to kg. Price = 0.514USD(2014)/100scf.	Existing or Planned SMR (no CCS)	Year
SMR91	@ Mankato, MN	2016	362185.0489	0	0	2.227980288		Assumed 15% unused capacity at the plant. Used 423.3 scf/kg to convert scf to kg. Price = 0.514USD(2014)/100scf.	Existing or Planned SMR (no CCS)	Year
SMR92	@ Mapleton, IL	2016	496689.2172	0	0	2.227980288		Assumed 15% unused capacity at the plant. Used 423.3 scf/kg to convert scf to kg. Price = 0.514USD(2014)/100scf.	Existing or Planned SMR (no CCS)	Year
SMR93	@ Marcus Hook, PA	2016	776056.9715	0	0	2.227980288		Assumed 15% unused capacity at the plant. Used 423.3 scf/kg to convert scf to kg. Price = 0.514USD(2014)/100scf.	Existing or Planned SMR (no CCS)	Year
SMR94	@ Martinez, CA	2016	42812067.36	0	0	2.227980288		Assumed 15% unused capacity at the plant. Used 423.3 scf/kg to convert scf to kg. Price = 0.514USD(2014)/100scf.	Existing or Planned SMR (no CCS)	Year
SMR95	@ McIntosh, AL	2016	3699192.333	0	0	2.227980288		Assumed 15% unused capacity at the plant. Used 423.3 scf/kg to convert scf to kg. Price = 0.514USD(2014)/100scf.	Existing or Planned SMR (no CCS)	Year
SMR96	@ McPherson, KS	2016	13800761.18	0	0	2.227980288		Assumed 15% unused capacity at the plant. Used 423.3 scf/kg to convert scf to kg. Price = 0.514USD(2014)/100scf.	Existing or Planned SMR (no CCS)	Year
SMR97	@ Memphis, TN	2016	1132015.642	0	0	2.227980288		Assumed 15% unused capacity at the plant. Used 423.3 scf/kg to convert scf to kg. Price = 0.514USD(2014)/100scf.	Existing or Planned SMR (no CCS)	Year
SMR98	@ Middleton, OH	2016	129352.0131	0	0	2.227980288		Assumed 15% unused capacity at the plant. Used 423.3 scf/kg to convert scf to kg. Price = 0.514USD(2014)/100scf.	Existing or Planned SMR (no CCS)	Year
SMR99	@ Midland, MI	2016	96987.191	0	0	2.227980288		Assumed 15% unused capacity at the plant. Used 423.3 scf/kg to convert scf to kg. Price = 0.514USD(2014)/100scf.	Existing or Planned SMR (no CCS)	Year
SMR100	@ Mobile, AL	2016	1461574.294	0	0	2.227980288		Assumed 15% unused capacity at the plant. Used 423.3 scf/kg to convert scf to kg. Price = 0.514USD(2014)/100scf.	Existing or Planned SMR (no CCS)	Year
SMR101	@ Mont Belvieu, TX	2016	7501866.423	0	0	2.227980288		Assumed 15% unused capacity at the plant. Used 423.3 scf/kg to convert scf to kg. Price = 0.514USD(2014)/100scf.	Existing or Planned SMR (no CCS)	Year
SMR102	@ Mont Belview, TX	2016	5173695.509	0	0	2.227980288		Assumed 15% unused capacity at the plant. Used 423.3 scf/kg to convert scf to kg. Price = 0.514USD(2014)/100scf.	Existing or Planned SMR (no CCS)	Year
SMR103	@ Moses Lake, WA	2016	491483.4243	0	0	2.227980288		Assumed 15% unused capacity at the plant. Used 423.3 scf/kg to convert scf to kg. Price = 0.514USD(2014)/100scf.	Existing or Planned SMR (no CCS)	Year
SMR104	@ Mount Vernon, IN	2016	349195.916	0	0	2.227980288		Assumed 15% unused capacity at the plant. Used 423.3 scf/kg to convert scf to kg. Price = 0.514USD(2014)/100scf.	Existing or Planned SMR (no CCS)	Year
SMR105	@ New Castle, DE	2016	372490.0941	0	0	2.227980288		Assumed 15% unused capacity at the plant. Used 423.3 scf/kg to convert scf to kg. Price = 0.514USD(2014)/100scf.	Existing or Planned SMR (no CCS)	Year
SMR106	@ New Orleans, LA	2016	11226821.74	0	0	2.227980288		Assumed 15% unused capacity at the plant. Used 423.3 scf/kg to convert scf to kg. Price = 0.514USD(2014)/100scf.	Existing or Planned SMR (no CCS)	Year
SMR107	@ Newell, WV	2016	530288.4405	0	0	2.227980288		Assumed 15% unused capacity at the plant. Used 423.3 scf/kg to convert scf to kg. Price = 0.514USD(2014)/100scf.	Existing or Planned SMR (no CCS)	Year
SMR108	@ Niagara Falls, NY	2016	4061323.744	0	0	2.227980288		Assumed 15% unused capacity at the plant. Used 423.3 scf/kg to convert scf to kg. Price = 0.514USD(2014)/100scf.	Existing or Planned SMR (no CCS)	Year
SMR109	@ Norco, LA	2016	23928239.23	0	0	2.227980288		Assumed 15% unused capacity at the plant. Used 423.3 scf/kg to convert scf to kg. Price = 0.514USD(2014)/100scf.	Existing or Planned SMR (no CCS)	Year
SMR110	@ Norcross, GA	2016	514767.3157	0	0	2.227980288		Assumed 15% unused capacity at the plant. Used 423.3 scf/kg to convert scf to kg. Price = 0.514USD(2014)/100scf.	Existing or Planned SMR (no CCS)	Year
SMR111	@ Ontario, CA	2016	1241669.405	0	0	2.227980288		Assumed 15% unused capacity at the plant. Used 423.3 scf/kg to convert scf to kg. Price = 0.514USD(2014)/100scf.	Existing or Planned SMR (no CCS)	Year
SMR112	@ Pasadena, TX	2016	10347337.38	0	0	2.227980288		Assumed 15% unused capacity at the plant. Used 423.3 scf/kg to convert scf to kg. Price = 0.514USD(2014)/100scf.	Existing or Planned SMR (no CCS)	Year
SMR113	@ Pascagoula, MS	2016	28455137.2	0	0	2.227980288		Assumed 15% unused capacity at the plant. Used 423.3 scf/kg to convert scf to kg. Price = 0.514USD(2014)/100scf.	Existing or Planned SMR (no CCS)	Year
SMR114	@ Paulsboro, NJ	2016	1746088.325	0	0	2.227980288		Assumed 15% unused capacity at the plant. Used 423.3 scf/kg to convert scf to kg. Price = 0.514USD(2014)/100scf.	Existing or Planned SMR (no CCS)	Year
SMR115	@ Pensacola, FL	2016	1487437.936	0	0	2.227980288		Assumed 15% unused capacity at the plant. Used 423.3 scf/kg to convert scf to kg. Price = 0.514USD(2014)/100scf.	Existing or Planned SMR (no CCS)	Year
SMR116	@ Petrolia, PA	2016	194028.0197	0	0	2.227980288		Assumed 15% unused capacity at the plant. Used 423.3 scf/kg to convert scf to kg. Price = 0.514USD(2014)/100scf.	Existing or Planned SMR (no CCS)	Year
SMR117	@ Plaquemine, LA	2016	10787079.56	0	0	2.227980288		Assumed 15% unused capacity at the plant. Used 423.3 scf/kg to convert scf to kg. Price = 0.514USD(2014)/100scf.	Existing or Planned SMR (no CCS)	Year
SMR118	@ Point Comfort, TX	2016	2858459.355	0	0	2.227980288		Assumed 15% unused capacity at the plant. Used 423.3 scf/kg to convert scf to kg. Price = 0.514USD(2014)/100scf.	Existing or Planned SMR (no CCS)	Year
SMR119	@ Ponca City, OK	2016	6053179.865	0	0	2.227980288		Assumed 15% unused capacity at the plant. Used 423.3 scf/kg to convert scf to kg. Price = 0.514USD(2014)/100scf.	Existing or Planned SMR (no CCS)	Year
SMR120	@ Port Arthur, TX	2016	72560651.22	0	0	2.227980288		Assumed 15% unused capacity at the plant. Used 423.3 scf/kg to convert scf to kg. Price = 0.514USD(2014)/100scf.	Existing or Planned SMR (no CCS)	Year
SMR121	@ Port Edwards, WI	2016	271638.7867	0	0	2.227980288		Assumed 15% unused capacity at the plant. Used 423.3 scf/kg to convert scf to kg. Price = 0.514USD(2014)/100scf.	Existing or Planned SMR (no CCS)	Year
SMR122	@ Princeton, LA	2016	1164058.638	0	0	2.227980288		Assumed 15% unused capacity at the plant. Used 423.3 scf/kg to convert scf to kg. Price = 0.514USD(2014)/100scf.	Existing or Planned SMR (no CCS)	Year
SMR123	@ Proctor, WV	2016	64676.00656	0	0	2.227980288		Assumed 15% unused capacity at the plant. Used 423.3 scf/kg to convert scf to kg. Price = 0.514USD(2014)/100scf.	Existing or Planned SMR (no CCS)	Year
SMR124	@ Raleigh, NC	2016	102461.907	0	0	2.227980288		Assumed 15% unused capacity at the plant. Used 423.3 scf/kg to convert scf to kg. Price = 0.514USD(2014)/100scf.	Existing or Planned SMR (no CCS)	Year
SMR125	@ Richmond, CA	2016	69844538.89	0	0	2.227980288		Assumed 15% unused capacity at the plant. Used 423.3 scf/kg to convert scf to kg. Price = 0.514USD(2014)/100scf.	Existing or Planned SMR (no CCS)	Year
SMR126	@ Rockport, IN	2016	93122.33983	0	0	2.227980288		Assumed 15% unused capacity at the plant. Used 423.3 scf/kg to convert scf to kg. Price = 0.514USD(2014)/100scf.	Existing or Planned SMR (no CCS)	Year
SMR127	@ Rodeo, CA	2016	27291129.99	0	0	2.227980288		Assumed 15% unused capacity at the plant. Used 423.3 scf/kg to convert scf to kg. Price = 0.514USD(2014)/100scf.	Existing or Planned SMR (no CCS)	Year
SMR128	@ Rouseville, PA	2016	452677.6735	0	0	2.227980288		Assumed 15% unused capacity at the plant. Used 423.3 scf/kg to convert scf to kg. Price = 0.514USD(2014)/100scf.	Existing or Planned SMR (no CCS)	Year
SMR129	@ Sacramento, CA	2016	297509.0423	0	0	2.227980288		Assumed 15% unused capacity at the plant. Used 423.3 scf/kg to convert scf to kg. Price = 0.514USD(2014)/100scf.	Existing or Planned SMR (no CCS)	Year
SMR130	@ Salina, KS	2016	15511.57282	0	0	2.227980288		Assumed 15% unused capacity at the plant. Used 423.3 scf/kg to convert scf to kg. Price = 0.514USD(2014)/100scf.	Existing or Planned SMR (no CCS)	Year
SMR131	@ Salt Lake City, UT	2016	3362877.54	0	0	2.227980288		Assumed 15% unused capacity at the plant. Used 423.3 scf/kg to convert scf to kg. Price = 0.514USD(2014)/100scf.	Existing or Planned SMR (no CCS)	Year
SMR132	@ Saraland, AL	2016	2069467.623	0	0	2.227980288		Assumed 15% unused capacity at the plant. Used 423.3 scf/kg to convert scf to kg. Price = 0.514USD(2014)/100scf.	Existing or Planned SMR (no CCS)	Year
SMR133	@ Sauget, IL	2016	194028.0197	0	0	2.227980288		Assumed 15% unused capacity at the plant. Used 423.3 scf/kg to convert scf to kg. Price = 0.514USD(2014)/100scf.	Existing or Planned SMR (no CCS)	Year
SMR134	@ Seymour, IN	2016	98275.2298	0	0	2.227980288		Assumed 15% unused capacity at the plant. Used 423.3 scf/kg to convert scf to kg. Price = 0.514USD(2014)/100scf.	Existing or Planned SMR (no CCS)	Year
SMR135	@ Shreveport, LA	2016	788992.4667	0	0	2.227980288		Assumed 15% unused capacity at the plant. Used 423.3 scf/kg to convert scf to kg. Price = 0.514USD(2014)/100scf.	Existing or Planned SMR (no CCS)	Year
SMR136	@ Sidney, OH	2016	194028.0197	0	0	2.227980288		Assumed 15% unused capacity at the plant. Used 423.3 scf/kg to convert scf to kg. Price = 0.514USD(2014)/100scf.	Existing or Planned SMR (no CCS)	Year
SMR137	@ Silsbee, TX	2016	38805.75089	0	0	2.227980288		Assumed 15% unused capacity at the plant. Used 423.3 scf/kg to convert scf to kg. Price = 0.514USD(2014)/100scf.	Existing or Planned SMR (no CCS)	Year
SMR138	@ Sioux City, IA	2016	108633.9127	0	0	2.227980288		Assumed 15% unused capacity at the plant. Used 423.3 scf/kg to convert scf to kg. Price = 0.514USD(2014)/100scf.	Existing or Planned SMR (no CCS)	Year
SMR139	@ Smackover, AR	2016	323379.298	0	0	2.227980288		Assumed 15% unused capacity at the plant. Used 423.3 scf/kg to convert scf to kg. Price = 0.514USD(2014)/100scf.	Existing or Planned SMR (no CCS)	Year
SMR140	@ St. Charles, LA	2016	43329493.79	0	0	2.227980288		Assumed 15% unused capacity at the plant. Used 423.3 scf/kg to convert scf to kg. Price = 0.514USD(2014)/100scf.	Existing or Planned SMR (no CCS)	Year
SMR141	@ St. Gabriel, LA	2016	698446.2045	0	0	2.227980288		Assumed 15% unused capacity at the plant. Used 423.3 scf/kg to convert scf to kg. Price = 0.514USD(2014)/100scf.	Existing or Planned SMR (no CCS)	Year
SMR142	@ St. Joseph, MO	2016	310444.5376	0	0	2.227980288		Assumed 15% unused capacity at the plant. Used 423.3 scf/kg to convert scf to kg. Price = 0.514USD(2014)/100scf.	Existing or Planned SMR (no CCS)	Year
SMR143	@ St. Marys, PA	2016	37250.2585	0	0	2.227980288		Assumed 15% unused capacity at the plant. Used 423.3 scf/kg to convert scf to kg. Price = 0.514USD(2014)/100scf.	Existing or Planned SMR (no CCS)	Year
SMR144	@ St. Paul Park, MN	2016	1034760.263	0	0	2.227980288		Assumed 15% unused capacity at the plant. Used 423.3 scf/kg to convert scf to kg. Price = 0.514USD(2014)/100scf.	Existing or Planned SMR (no CCS)	Year
SMR145	@ St. Paul, MN	2016	21535407	0	0	2.227980288		Assumed 15% unused capacity at the plant. Used 423.3 scf/kg to convert scf to kg. Price = 0.514USD(2014)/100scf.	Existing or Planned SMR (no CCS)	Year
SMR146	@ Stuttgart, AR	2016	130371.8636	0	0	2.227980288		Assumed 15% unused capacity at the plant. Used 423.3 scf/kg to convert scf to kg. Price = 0.514USD(2014)/100scf.	Existing or Planned SMR (no CCS)	Year
SMR147	@ Sweeney, TX	2016	21341379.72	0	0	2.227980288		Assumed 15% unused capacity at the plant. Used 423.3 scf/kg to convert scf to kg. Price = 0.514USD(2014)/100scf.	Existing or Planned SMR (no CCS)	Year
SMR148	@ Taft, LA	2016	5548761.681	0	0	2.227980288		Assumed 15% unused capacity at the plant. Used 423.3 scf/kg to convert scf to kg. Price = 0.514USD(2014)/100scf.	Existing or Planned SMR (no CCS)	Year
SMR149	@ Texas City, TX	2016	55293231.75	0	0	2.227980288	updated to match IHS report and H2atScale	Assumed 15% unused capacity at the plant. Used 423.3 scf/kg to convert scf to kg. Price = 0.514USD(2014)/100scf.	Existing or Planned SMR (no CCS)	Year
SMR150	@ Theodore, AL	2016	905408.9846	0	0	2.227980288		Assumed 15% unused capacity at the plant. Used 423.3 scf/kg to convert scf to kg. Price = 0.514USD(2014)/100scf.	Existing or Planned SMR (no CCS)	Year
SMR151	@ Three Rivers, TX	2016	1293410.651	0	0	2.227980288		Assumed 15% unused capacity at the plant. Used 423.3 scf/kg to convert scf to kg. Price = 0.514USD(2014)/100scf.	Existing or Planned SMR (no CCS)	Year
SMR152	@ Toledo, OH	2016	29489723.6	0	0	2.227980288	updated to match IHS report and H2atScale	Assumed 15% unused capacity at the plant. Used 423.3 scf/kg to convert scf to kg. Price = 0.514USD(2014)/100scf.	Existing or Planned SMR (no CCS)	Year
SMR153	@ Torrance, CA	2016	20694674.03	0	0	2.227980288		Assumed 15% unused capacity at the plant. Used 423.3 scf/kg to convert scf to kg. Price = 0.514USD(2014)/100scf.	Existing or Planned SMR (no CCS)	Year
SMR154	@ Tuscaloosa, AL	2016	2069467.623	0	0	2.227980288		Assumed 15% unused capacity at the plant. Used 423.3 scf/kg to convert scf to kg. Price = 0.514USD(2014)/100scf.	Existing or Planned SMR (no CCS)	Year
SMR155	@ Valdosta, GA	2016	840732.978	0	0	2.227980288		Assumed 15% unused capacity at the plant. Used 423.3 scf/kg to convert scf to kg. Price = 0.514USD(2014)/100scf.	Existing or Planned SMR (no CCS)	Year
SMR156	@ Vicksburg, MS	2016	1681465.956	0	0	2.227980288		Assumed 15% unused capacity at the plant. Used 423.3 scf/kg to convert scf to kg. Price = 0.514USD(2014)/100scf.	Existing or Planned SMR (no CCS)	Year
SMR157	@ Victoria, TX	2016	1164058.638	0	0	2.227980288		Assumed 15% unused capacity at the plant. Used 423.3 scf/kg to convert scf to kg. Price = 0.514USD(2014)/100scf.	Existing or Planned SMR (no CCS)	Year
SMR158	@ Weirton, WV	2016	139710.696	0	0	2.227980288		Assumed 15% unused capacity at the plant. Used 423.3 scf/kg to convert scf to kg. Price = 0.514USD(2014)/100scf.	Existing or Planned SMR (no CCS)	Year
SMR159	@ West Leechburg, PA	2016	248344.6086	0	0	2.227980288		Assumed 15% unused capacity at the plant. Used 423.3 scf/kg to convert scf to kg. Price = 0.514USD(2014)/100scf.	Existing or Planned SMR (no CCS)	Year
SMR160	@ Westlake, LA	2016	4526936.178	0	0	2.227980288		Assumed 15% unused capacity at the plant. Used 423.3 scf/kg to convert scf to kg. Price = 0.514USD(2014)/100scf.	Existing or Planned SMR (no CCS)	Year
SMR161	@ Whiting, IN	2016	39358433.73	0	0	2.227980288	updated to match IHS report and H2atScale	Assumed 15% unused capacity at the plant. Used 423.3 scf/kg to convert scf to kg. Price = 0.514USD(2014)/100scf.	Existing or Planned SMR (no CCS)	Year
SMR162	@ Wichita, KS	2016	1046675.908	0	0	2.227980288		Assumed 15% unused capacity at the plant. Used 423.3 scf/kg to convert scf to kg. Price = 0.514USD(2014)/100scf.	Existing or Planned SMR (no CCS)	Year
SMR163	@ Wilmington, CA	2016	32787916.37	0	0	2.227980288	updated to match IHS report and H2atScale	Assumed 15% unused capacity at the plant. Used 423.3 scf/kg to convert scf to kg. Price = 0.514USD(2014)/100scf.	Existing or Planned SMR (no CCS)	Year
SMR164	@ Wood River, IL	2016	12481480.27	0	0	2.227980288		Assumed 15% unused capacity at the plant. Used 423.3 scf/kg to convert scf to kg. Price = 0.514USD(2014)/100scf.	Existing or Planned SMR (no CCS)	Year
SMR165	@ Wright, WY	2016	31023.14564	0	0	2.227980288		Assumed 15% unused capacity at the plant. Used 423.3 scf/kg to convert scf to kg. Price = 0.514USD(2014)/100scf.	Existing or Planned SMR (no CCS)	Year
SMR166	@ Wynneywood, OK	2016	1164058.638	0	0	2.227980288		Assumed 15% unused capacity at the plant. Used 423.3 scf/kg to convert scf to kg. Price = 0.514USD(2014)/100scf.	Existing or Planned SMR (no CCS)	Year
SMR167	@ Asbestos, QC, CA	2016	646236.8778	0	0	1.54322462391001	Previous capacity from Emily H. = 4308245.852	Assumed 15% unused capacity at the plant. Used 423.3 scf/kg to convert scf to kg. Price = 0.413CA$/100scf in 2014. Converted to 2016 USD using exchange rate (1.16) * GDP Def (1.024)	Existing or Planned SMR (no CCS)	Year
SMR168	@ Becancour, QC, CA	2016	665642.9862	0	0	1.54322462391001	Previous capacity from Emily H. = 4437619.908	Assumed 15% unused capacity at the plant. Used 423.3 scf/kg to convert scf to kg. Price = 0.413CA$/100scf in 2014. Converted to 2016 USD using exchange rate (1.16) * GDP Def (1.024)	Existing or Planned SMR (no CCS)	Year
SMR169	@ Burnaby, BC, CA	2016	978858.82785	0	0	1.54322462391001	Previous capacity from Emily H. = 6525725.519	Assumed 15% unused capacity at the plant. Used 423.3 scf/kg to convert scf to kg. Price = 0.413CA$/100scf in 2014. Converted to 2016 USD using exchange rate (1.16) * GDP Def (1.024)	Existing or Planned SMR (no CCS)	Year
SMR170	@ Come By Chance, NL, CA	2016	10453833.2805	0	0	1.54322462391001	Previous capacity from Emily H. = 69692221.87	Assumed 15% unused capacity at the plant. Used 423.3 scf/kg to convert scf to kg. Price = 0.413CA$/100scf in 2014. Converted to 2016 USD using exchange rate (1.16) * GDP Def (1.024)	Existing or Planned SMR (no CCS)	Year
SMR171	@ Corunna, ON, CA	2016	1425522.69	0	0	1.54322462391001	Previous capacity from Emily H. = 9503484.6	Assumed 15% unused capacity at the plant. Used 423.3 scf/kg to convert scf to kg. Price = 0.413CA$/100scf in 2014. Converted to 2016 USD using exchange rate (1.16) * GDP Def (1.024)	Existing or Planned SMR (no CCS)	Year
SMR172	@ Dartmouth, NS, CA	2016	1140418.12995	0	0	1.54322462391001	Previous capacity from Emily H. = 7602787.533	Assumed 15% unused capacity at the plant. Used 423.3 scf/kg to convert scf to kg. Price = 0.413CA$/100scf in 2014. Converted to 2016 USD using exchange rate (1.16) * GDP Def (1.024)	Existing or Planned SMR (no CCS)	Year
SMR173	@ Edmonton, AB, CA	2016	47422389.21	0	0	1.54322462391001	Previous capacity from Emily H. = 316149261.4	Assumed 15% unused capacity at the plant. Used 423.3 scf/kg to convert scf to kg. Price = 0.413CA$/100scf in 2014. Converted to 2016 USD using exchange rate (1.16) * GDP Def (1.024)	Existing or Planned SMR (no CCS)	Year
SMR174	@ Fort McMurray, AB, CA	2016	48942946.8	0	0	1.54322462391001	Previous capacity from Emily H. = 326286312	Assumed 15% unused capacity at the plant. Used 423.3 scf/kg to convert scf to kg. Price = 0.413CA$/100scf in 2014. Converted to 2016 USD using exchange rate (1.16) * GDP Def (1.024)	Existing or Planned SMR (no CCS)	Year
SMR175	@ Fort Saskatchewan, AB, CA	2016	12829704.4305	0	0	1.54322462391001	Previous capacity from Emily H. = 85531362.87	Assumed 15% unused capacity at the plant. Used 423.3 scf/kg to convert scf to kg. Price = 0.413CA$/100scf in 2014. Converted to 2016 USD using exchange rate (1.16) * GDP Def (1.024)	Existing or Planned SMR (no CCS)	Year
SMR176	@ Gibbons, AB, CA	2016	285104.4498	0	0	1.54322462391001	Previous capacity from Emily H. = 1900696.332	Assumed 15% unused capacity at the plant. Used 423.3 scf/kg to convert scf to kg. Price = 0.413CA$/100scf in 2014. Converted to 2016 USD using exchange rate (1.16) * GDP Def (1.024)	Existing or Planned SMR (no CCS)	Year
SMR177	@ Hamilton, ON, CA	2016	209076.58185	0	0	1.54322462391001	Previous capacity from Emily H. = 1393843.879	Assumed 15% unused capacity at the plant. Used 423.3 scf/kg to convert scf to kg. Price = 0.413CA$/100scf in 2014. Converted to 2016 USD using exchange rate (1.16) * GDP Def (1.024)	Existing or Planned SMR (no CCS)	Year
SMR178	@ Levis (Montreal), QC, CA	2016	9503484.711	0	0	1.54322462391001	Previous capacity from Emily H. = 63356564.74	Assumed 15% unused capacity at the plant. Used 423.3 scf/kg to convert scf to kg. Price = 0.413CA$/100scf in 2014. Converted to 2016 USD using exchange rate (1.16) * GDP Def (1.024)	Existing or Planned SMR (no CCS)	Year
SMR179	@ Lloydminster, SK, CA	2016	7222648.4505	0	0	1.54322462391001	Previous capacity from Emily H. = 48150989.67	Assumed 15% unused capacity at the plant. Used 423.3 scf/kg to convert scf to kg. Price = 0.413CA$/100scf in 2014. Converted to 2016 USD using exchange rate (1.16) * GDP Def (1.024)	Existing or Planned SMR (no CCS)	Year
SMR180	@ Magog, QC, CA	2016	560.66058645	0	0	1.54322462391001	Previous capacity from Emily H. = 3737.737243	Assumed 15% unused capacity at the plant. Used 423.3 scf/kg to convert scf to kg. Price = 0.413CA$/100scf in 2014. Converted to 2016 USD using exchange rate (1.16) * GDP Def (1.024)	Existing or Planned SMR (no CCS)	Year
SMR181	@ Maitland, ON, CA	2016	855313.5699	0	0	1.54322462391001	Previous capacity from Emily H. = 5702090.466	Assumed 15% unused capacity at the plant. Used 423.3 scf/kg to convert scf to kg. Price = 0.413CA$/100scf in 2014. Converted to 2016 USD using exchange rate (1.16) * GDP Def (1.024)	Existing or Planned SMR (no CCS)	Year
SMR182	@ Mississauga, ON, CA	2016	2527926.8865	0	0	1.54322462391001	Previous capacity from Emily H. = 16852845.91	Assumed 15% unused capacity at the plant. Used 423.3 scf/kg to convert scf to kg. Price = 0.413CA$/100scf in 2014. Converted to 2016 USD using exchange rate (1.16) * GDP Def (1.024)	Existing or Planned SMR (no CCS)	Year
SMR183	@ Montreal, QC, CA	2016	18056621.07	0	0	1.54322462391001	Previous capacity from Emily H. = 120377473.8	Assumed 15% unused capacity at the plant. Used 423.3 scf/kg to convert scf to kg. Price = 0.413CA$/100scf in 2014. Converted to 2016 USD using exchange rate (1.16) * GDP Def (1.024)	Existing or Planned SMR (no CCS)	Year
SMR184	@ Nanticoke, ON, CA	2016	2375871.15	0	0	1.54322462391001	Previous capacity from Emily H. = 15839141	Assumed 15% unused capacity at the plant. Used 423.3 scf/kg to convert scf to kg. Price = 0.413CA$/100scf in 2014. Converted to 2016 USD using exchange rate (1.16) * GDP Def (1.024)	Existing or Planned SMR (no CCS)	Year
SMR185	@ Pointe-aux-Trembles, QC, CA	2016	11879355.9705	0	0	1.54322462391001	Previous capacity from Emily H. = 79195706.47	Assumed 15% unused capacity at the plant. Used 423.3 scf/kg to convert scf to kg. Price = 0.413CA$/100scf in 2014. Converted to 2016 USD using exchange rate (1.16) * GDP Def (1.024)	Existing or Planned SMR (no CCS)	Year
SMR186	@ Prince George, BC, CA	2016	313614.9279	0	0	1.54322462391001	Previous capacity from Emily H. = 2090766.186	Assumed 15% unused capacity at the plant. Used 423.3 scf/kg to convert scf to kg. Price = 0.413CA$/100scf in 2014. Converted to 2016 USD using exchange rate (1.16) * GDP Def (1.024)	Existing or Planned SMR (no CCS)	Year
SMR187	@ Regina, SK, CA	2016	12354530.2005	0	0	1.54322462391001	Previous capacity from Emily H. = 82363534.67	Assumed 15% unused capacity at the plant. Used 423.3 scf/kg to convert scf to kg. Price = 0.413CA$/100scf in 2014. Converted to 2016 USD using exchange rate (1.16) * GDP Def (1.024)	Existing or Planned SMR (no CCS)	Year
SMR188	@ Saint John, NB, CA	2016	4466637.8505	0	0	1.54322462391001	Previous capacity from Emily H. = 29777585.67	Assumed 15% unused capacity at the plant. Used 423.3 scf/kg to convert scf to kg. Price = 0.413CA$/100scf in 2014. Converted to 2016 USD using exchange rate (1.16) * GDP Def (1.024)	Existing or Planned SMR (no CCS)	Year
SMR189	@ Sarnia, ON, CA	2016	30108132.795	0	0	1.54322462391001	Previous capacity from Emily H. = 200720885.3	Assumed 15% unused capacity at the plant. Used 423.3 scf/kg to convert scf to kg. Price = 0.413CA$/100scf in 2014. Converted to 2016 USD using exchange rate (1.16) * GDP Def (1.024)	Existing or Planned SMR (no CCS)	Year
SMR190	@ Scotford, AB, CA	2016	26324652.87	0	0	1.54322462391001	Previous capacity from Emily H. = 175497685.8	Assumed 15% unused capacity at the plant. Used 423.3 scf/kg to convert scf to kg. Price = 0.413CA$/100scf in 2014. Converted to 2016 USD using exchange rate (1.16) * GDP Def (1.024)	Existing or Planned SMR (no CCS)	Year
SMR191	@ Windsor, ON, CA	2016	123545.25792	0	0	1.54322462391001	Previous capacity from Emily H. = 823635.0528	Assumed 15% unused capacity at the plant. Used 423.3 scf/kg to convert scf to kg. Price = 0.413CA$/100scf in 2014. Converted to 2016 USD using exchange rate (1.16) * GDP Def (1.024)	Existing or Planned SMR (no CCS)	Year
